gene,split,n_variants,n_pos,n_neg,pos_ratio,sym,n,pos,movers
1495,test,627,34,593,0.0542,CTNNA1,627,34,29
1956,test,585,0,585,0.0,EGFR,585,0,22
2175,test,1053,213,840,0.2023,FANCA,1053,213,18
2271,test,478,151,327,0.3159,FH,478,151,16
2316,test,701,30,671,0.0428,FLNA,701,30,15
23405,test,1181,143,1038,0.1211,DICER1,1181,143,46
238,test,903,1,902,0.0011,ALK,903,1,22
26040,test,151,16,135,0.106,SETBP1,151,16,17
2956,test,1803,348,1455,0.193,MSH6,1803,348,26
324,test,2530,463,2067,0.183,APC,2530,463,36
4221,test,627,158,469,0.252,MEN1,627,158,15
4233,test,800,4,796,0.005,MET,800,4,21
4292,test,1282,493,789,0.3846,MLH1,1282,493,29
4436,test,1516,492,1024,0.3245,MSH2,1516,492,54
472,test,3433,838,2595,0.2441,ATM,3433,838,47
4763,test,2631,1152,1479,0.4379,NF1,2631,1152,68
4851,test,935,12,923,0.0128,NOTCH1,935,12,36
5156,test,560,0,560,0.0,PDGFRA,560,0,16
5395,test,1133,234,899,0.2065,PMS2,1133,234,15
5424,test,1070,2,1068,0.0019,POLD1,1070,2,21
5426,test,1697,6,1691,0.0035,POLE,1697,6,30
5727,test,1041,85,956,0.0817,PTCH1,1041,85,48
5728,test,737,358,379,0.4858,PTEN,737,358,44
580,test,850,135,715,0.1588,BARD1,850,135,14
5925,test,670,193,477,0.2881,RB1,670,193,15
6389,test,664,85,579,0.128,SDHA,664,85,24
6597,test,1240,41,1199,0.0331,SMARCA4,1240,41,16
672,test,2698,820,1878,0.3039,BRCA1,2698,820,35
675,test,3879,1009,2870,0.2601,BRCA2,3879,1009,44
6927,test,330,185,145,0.5606,HNF1A,330,185,26
7015,test,722,24,698,0.0332,TERT,722,24,29
7157,test,857,324,533,0.3781,TP53,857,324,39
7248,test,949,124,825,0.1307,TSC1,949,124,20
7249,test,2503,275,2228,0.1099,TSC2,2503,275,55
79728,test,1129,279,850,0.2471,PALB2,1129,279,14
8085,test,614,96,518,0.1564,KMT2D,614,96,40
8313,test,847,24,823,0.0283,AXIN2,847,24,19
83990,test,1132,204,928,0.1802,BRIP1,1132,204,26
861,test,660,90,570,0.1364,RUNX1,660,90,92
999,test,1110,143,967,0.1288,CDH1,1110,143,17
10006,train,2,0,2,0.0,ABI1,2,0,0
10019,train,20,0,20,0.0,SH2B3,20,0,0
1008,train,2,0,2,0.0,CDH10,2,0,0
10111,train,631,94,537,0.149,RAD50,631,94,5
10142,train,417,0,417,0.0,AKAP9,417,0,6
1015,train,3,0,3,0.0,CDH17,3,0,0
1019,train,273,2,271,0.0073,CDK4,273,2,0
1021,train,13,0,13,0.0,CDK6,13,0,0
1026,train,2,0,2,0.0,CDKN1A,2,0,0
1027,train,170,14,156,0.0824,CDKN1B,170,14,3
1029,train,245,55,190,0.2245,CDKN2A,245,55,8
10413,train,11,0,11,0.0,YAP1,11,0,0
10499,train,4,0,4,0.0,NCOA2,4,0,0
1050,train,181,2,179,0.011,CEBPA,181,2,0
10568,train,15,0,15,0.0,SLC34A2,15,0,0
10664,train,38,14,24,0.3684,CTCF,38,14,0
10672,train,2,0,2,0.0,GNA13,2,0,0
10721,train,22,0,22,0.0,POLQ,22,0,0
10736,train,4,0,4,0.0,SIX2,4,0,0
10801,train,114,1,113,0.0088,SEPTIN9,114,1,1
10923,train,1,0,1,0.0,SUB1,1,0,0
10962,train,1,0,1,0.0,MLLT11,1,0,0
1106,train,293,41,252,0.1399,CHD2,293,41,3
11064,train,9,0,9,0.0,CNTRL,9,0,0
1108,train,57,15,42,0.2632,CHD4,57,15,0
11122,train,20,0,20,0.0,PTPRT,20,0,0
11143,train,1,0,1,0.0,KAT7,1,0,0
11166,train,1,0,1,0.0,SOX21,1,0,0
11168,train,3,0,3,0.0,PSIP1,3,0,0
11177,train,2,0,2,0.0,BAZ1A,2,0,0
11197,train,18,0,18,0.0,WIF1,18,0,0
11200,train,698,208,490,0.298,CHEK2,698,208,8
114788,train,18,0,18,0.0,CSMD3,18,0,0
120114,train,20,0,20,0.0,FAT3,20,0,0
121227,train,2,0,2,0.0,LRIG3,2,0,0
1236,train,1,0,1,0.0,CCR7,1,0,0
1277,train,641,267,374,0.4165,COL1A1,641,267,9
1280,train,428,184,244,0.4299,COL2A1,428,184,3
1281,train,668,183,485,0.274,COL3A1,668,183,7
1316,train,3,0,3,0.0,KLF6,3,0,0
1385,train,2,0,2,0.0,CREB1,2,0,0
1387,train,312,59,253,0.1891,CREBBP,312,59,4
140885,train,7,0,7,0.0,SIRPA,7,0,0
142,train,4,0,4,0.0,PARP1,4,0,0
1496,train,37,0,37,0.0,CTNNA2,37,0,0
1499,train,61,21,40,0.3443,CTNNB1,61,21,0
1501,train,56,0,56,0.0,CTNND2,56,0,0
1558,train,3,0,3,0.0,CYP2C8,3,0,0
1649,train,3,0,3,0.0,DDIT3,3,0,0
1655,train,1,0,1,0.0,DDX5,1,0,0
1662,train,3,0,3,0.0,DDX10,3,0,0
171023,train,308,14,294,0.0455,ASXL1,308,14,5
1785,train,178,20,158,0.1124,DNM2,178,20,6
1788,train,162,24,138,0.1481,DNMT3A,162,24,0
1999,train,1,0,1,0.0,ELF3,1,0,0
2000,train,4,0,4,0.0,ELF4,4,0,0
2006,train,135,18,117,0.1333,ELN,135,18,0
201163,train,577,81,496,0.1404,FLCN,577,81,11
2033,train,244,16,228,0.0656,EP300,244,16,4
2034,train,142,2,140,0.0141,EPAS1,142,2,0
2042,train,2,0,2,0.0,EPHA3,2,0,0
2064,train,30,0,30,0.0,ERBB2,30,0,0
2065,train,30,0,30,0.0,ERBB3,30,0,0
2066,train,53,0,53,0.0,ERBB4,53,0,0
2068,train,368,56,312,0.1522,ERCC2,368,56,0
207,train,184,1,183,0.0054,AKT1,184,1,6
2071,train,65,14,51,0.2154,ERCC3,65,14,1
208,train,24,0,24,0.0,AKT2,24,0,0
2115,train,1,0,1,0.0,ETV1,1,0,0
2118,train,10,0,10,0.0,ETV4,10,0,0
2119,train,9,0,9,0.0,ETV5,9,0,0
2122,train,121,3,118,0.0248,MECOM,121,3,0
2130,train,15,0,15,0.0,EWSR1,15,0,0
2132,train,90,36,54,0.4,EXT2,90,36,1
217,train,4,0,4,0.0,ALDH2,4,0,0
2176,train,343,66,277,0.1924,FANCC,343,66,3
2177,train,208,47,161,0.226,FANCD2,208,47,0
2181,train,4,0,4,0.0,ACSL3,4,0,0
2189,train,202,42,160,0.2079,FANCG,202,42,2
2195,train,175,0,175,0.0,FAT1,175,0,1
2199,train,5,0,5,0.0,FBLN2,5,0,0
2213,train,1,0,1,0.0,FCGR2B,1,0,0
2242,train,3,0,3,0.0,FES,3,0,0
2260,train,133,38,95,0.2857,FGFR1,133,38,0
2261,train,178,34,144,0.191,FGFR3,178,34,0
2262,train,1,0,1,0.0,GPC5,1,0,0
2263,train,162,59,103,0.3642,FGFR2,162,59,3
2264,train,2,0,2,0.0,FGFR4,2,0,0
22806,train,2,0,2,0.0,IKZF3,2,0,0
22849,train,1,0,1,0.0,CPEB3,1,0,0
23048,train,2,0,2,0.0,FNBP1,2,0,0
2308,train,4,0,4,0.0,FOXO1,4,0,0
23085,train,1,0,1,0.0,ERC1,1,0,0
2313,train,24,0,24,0.0,FLI1,24,0,0
23185,train,2,0,2,0.0,LARP4B,2,0,0
2322,train,45,0,45,0.0,FLT3,45,0,0
23365,train,4,0,4,0.0,ARHGEF12,4,0,0
23373,train,4,0,4,0.0,CRTC1,4,0,0
23462,train,4,0,4,0.0,HEY1,4,0,0
23476,train,56,1,55,0.0179,BRD4,56,1,0
23484,train,3,0,3,0.0,LEPROTL1,3,0,0
2475,train,302,18,284,0.0596,MTOR,302,18,12
253260,train,2,0,2,0.0,RICTOR,2,0,0
256646,train,3,0,3,0.0,NUTM1,3,0,0
25913,train,316,28,288,0.0886,POT1,316,28,13
25925,train,2,0,2,0.0,ZNF521,2,0,0
259266,train,181,55,126,0.3039,ASPM,181,55,0
26039,train,29,0,29,0.0,SS18L1,29,0,0
26047,train,200,14,186,0.07,CNTNAP2,200,14,1
2624,train,263,38,225,0.1445,GATA2,263,38,8
26524,train,11,0,11,0.0,LATS2,11,0,0
26986,train,3,0,3,0.0,PABPC1,3,0,0
27,train,3,0,3,0.0,ABL2,3,0,0
27044,train,7,0,7,0.0,SND1,7,0,0
27086,train,107,27,80,0.2523,FOXP1,107,27,4
2735,train,12,0,12,0.0,GLI1,12,0,0
27436,train,2,0,2,0.0,EML4,2,0,0
2778,train,119,43,76,0.3613,GNAS,119,43,0
283149,train,12,0,12,0.0,BCL9L,12,0,0
283150,train,1,0,1,0.0,FOXR1,1,0,0
286,train,196,69,127,0.352,ANK1,196,69,0
2903,train,257,54,203,0.2101,GRIN2A,257,54,7
29072,train,96,3,93,0.0312,SETD2,96,3,6
29102,train,9,0,9,0.0,DROSHA,9,0,0
29126,train,3,0,3,0.0,CD274,3,0,0
2913,train,3,0,3,0.0,GRM3,3,0,0
2932,train,10,0,10,0.0,GSK3B,10,0,0
29974,train,4,0,4,0.0,A1CF,4,0,0
3082,train,30,0,30,0.0,HGF,30,0,0
30835,train,3,0,3,0.0,CD209,3,0,0
3084,train,7,0,7,0.0,NRG1,7,0,0
3091,train,5,0,5,0.0,HIF1A,5,0,0
3092,train,8,0,8,0.0,HIP1,8,0,0
3110,train,23,0,23,0.0,MNX1,23,0,0
3131,train,1,0,1,0.0,HLF,1,0,0
3169,train,2,0,2,0.0,FOXA1,2,0,0
3181,train,20,0,20,0.0,HNRNPA2B1,20,0,0
3207,train,2,0,2,0.0,HOXA11,2,0,0
3209,train,8,0,8,0.0,HOXA13,8,0,0
3229,train,3,0,3,0.0,HOXC13,3,0,0
3265,train,112,20,92,0.1786,HRAS,112,20,2
330,train,3,0,3,0.0,BIRC3,3,0,0
3320,train,2,0,2,0.0,HSP90AA1,2,0,0
3326,train,1,0,1,0.0,HSP90AB1,1,0,0
3337,train,2,0,2,0.0,DNAJB1,2,0,0
3371,train,100,0,100,0.0,TNC,100,0,0
340419,train,6,0,6,0.0,RSPO2,6,0,0
3492,train,1,0,1,0.0,IGH,1,0,0
3535,train,4,0,4,0.0,IGL,4,0,0
355,train,52,15,37,0.2885,FAS,52,15,2
3575,train,75,20,55,0.2667,IL7R,75,20,0
3662,train,18,0,18,0.0,IRF4,18,0,1
3685,train,3,0,3,0.0,ITGAV,3,0,0
3688,train,2,0,2,0.0,ITGB1,2,0,0
369,train,2,0,2,0.0,ARAF,2,0,0
3716,train,29,0,29,0.0,JAK1,29,0,0
3717,train,37,1,36,0.027,JAK2,37,1,0
3718,train,117,30,87,0.2564,JAK3,117,30,2
3762,train,93,1,92,0.0108,KCNJ5,93,1,1
3791,train,12,0,12,0.0,KDR,12,0,0
3815,train,486,11,475,0.0226,KIT,486,11,6
3845,train,96,35,61,0.3646,KRAS,96,35,0
3895,train,8,0,8,0.0,KTN1,8,0,0
3927,train,1,0,1,0.0,LASP1,1,0,0
3932,train,10,0,10,0.0,LCK,10,0,0
3936,train,1,0,1,0.0,LCP1,1,0,0
394,train,6,0,6,0.0,ARHGAP5,6,0,0
3977,train,78,19,59,0.2436,LIFR,78,19,0
399,train,4,0,4,0.0,RHOH,4,0,0
4000,train,379,134,245,0.3536,LMNA,379,134,7
4005,train,1,0,1,0.0,LMO2,1,0,0
4026,train,30,0,30,0.0,LPP,30,0,0
405,train,1,0,1,0.0,ARNT,1,0,0
4067,train,10,0,10,0.0,LYN,10,0,1
4088,train,223,40,183,0.1794,SMAD3,223,40,3
4089,train,519,50,469,0.0963,SMAD4,519,50,4
4193,train,7,0,7,0.0,MDM2,7,0,0
4194,train,5,0,5,0.0,MDM4,5,0,0
4214,train,50,1,49,0.02,MAP3K1,50,1,0
4255,train,2,0,2,0.0,MGMT,2,0,0
4286,train,151,22,129,0.1457,MITF,151,22,0
4291,train,2,0,2,0.0,MLF1,2,0,0
4297,train,249,47,202,0.1888,KMT2A,249,47,1
4298,train,1,0,1,0.0,MLLT1,1,0,0
4299,train,6,0,6,0.0,AFF1,6,0,0
4300,train,1,0,1,0.0,MLLT3,1,0,0
4302,train,2,0,2,0.0,MLLT6,2,0,0
4582,train,1,0,1,0.0,MUC1,1,0,0
4585,train,10,0,10,0.0,MUC4,10,0,0
4595,train,590,119,471,0.2017,MUTYH,590,119,4
4602,train,1,0,1,0.0,MYB,1,0,0
4609,train,3,0,3,0.0,MYC,3,0,0
4615,train,5,0,5,0.0,MYD88,5,0,0
4627,train,294,21,273,0.0714,MYH9,294,21,1
4629,train,772,5,767,0.0065,MYH11,772,5,5
4644,train,65,0,65,0.0,MYO5A,65,0,0
4654,train,3,0,3,0.0,MYOD1,3,0,0
466,train,2,0,2,0.0,ATF1,2,0,0
4665,train,1,0,1,0.0,NAB2,1,0,0
4666,train,4,0,4,0.0,NACA,4,0,0
4683,train,532,101,431,0.1898,NBN,532,101,6
471,train,44,0,44,0.0,ATIC,44,0,0
4771,train,380,46,334,0.1211,NF2,380,46,7
4773,train,9,0,9,0.0,NFATC2,9,0,0
4780,train,10,0,10,0.0,NFE2L2,10,0,0
4794,train,1,0,1,0.0,NFKBIE,1,0,0
4869,train,2,0,2,0.0,NPM1,2,0,0
4893,train,50,15,35,0.3,NRAS,50,15,1
4913,train,247,36,211,0.1457,NTHL1,247,36,0
4914,train,155,39,116,0.2516,NTRK1,155,39,2
4916,train,16,0,16,0.0,NTRK3,16,0,0
4926,train,13,0,13,0.0,NUMA1,13,0,0
4928,train,8,0,8,0.0,NUP98,8,0,0
5049,train,1,0,1,0.0,PAFAH1B2,1,0,0
50615,train,25,0,25,0.0,IL21R,25,0,0
5079,train,70,1,69,0.0143,PAX5,70,1,1
51059,train,4,0,4,0.0,FAM135B,4,0,0
5108,train,9,0,9,0.0,PCM1,9,0,0
51176,train,2,0,2,0.0,LEF1,2,0,0
51199,train,68,1,67,0.0147,NIN,68,1,0
51366,train,2,0,2,0.0,UBR5,2,0,0
51517,train,1,0,1,0.0,NCKIPSD,1,0,0
51592,train,4,0,4,0.0,TRIM33,4,0,0
51684,train,297,7,290,0.0236,SUFU,297,7,9
51755,train,25,0,25,0.0,CDK12,25,0,0
5187,train,4,0,4,0.0,PER1,4,0,0
5290,train,233,46,187,0.1974,PIK3CA,233,46,7
5291,train,7,0,7,0.0,PIK3CB,7,0,0
5335,train,3,0,3,0.0,PLCG1,3,0,0
53353,train,25,0,25,0.0,LRP1B,25,0,0
5339,train,483,16,467,0.0331,PLEC,483,16,7
5371,train,7,0,7,0.0,PML,7,0,0
5378,train,19,0,19,0.0,PMS1,19,0,0
5396,train,3,0,3,0.0,PRRX1,3,0,0
5413,train,1,0,1,0.0,SEPTIN5,1,0,0
5428,train,314,109,205,0.3471,POLG,314,109,3
54487,train,4,0,4,0.0,DGCR8,4,0,0
545,train,446,10,436,0.0224,ATR,446,10,5
5450,train,3,0,3,0.0,POU2AF1,3,0,0
546,train,180,23,157,0.1278,ATRX,180,23,3
54790,train,123,1,122,0.0081,TET2,123,1,0
54894,train,148,2,146,0.0135,RNF43,148,2,3
54904,train,7,0,7,0.0,NSD3,7,0,0
55159,train,15,0,15,0.0,RFWD3,15,0,0
55160,train,5,0,5,0.0,ARHGEF10L,5,0,0
55193,train,21,0,21,0.0,PBRM1,21,0,0
55215,train,166,42,124,0.253,FANCI,166,42,2
55252,train,52,0,52,0.0,ASXL2,52,0,8
5537,train,1,0,1,0.0,PPP6C,1,0,0
55422,train,3,0,3,0.0,ZNF331,3,0,0
55596,train,16,0,16,0.0,ZCCHC8,16,0,0
55654,train,175,23,152,0.1314,TMEM127,175,23,5
55728,train,2,0,2,0.0,N4BP2,2,0,0
5573,train,245,19,226,0.0776,PRKAR1A,245,19,1
5579,train,4,0,4,0.0,PRKCB,4,0,0
5587,train,20,0,20,0.0,PRKD1,20,0,0
5604,train,121,20,101,0.1653,MAP2K1,121,20,1
5605,train,207,13,194,0.0628,MAP2K2,207,13,3
567,train,4,0,4,0.0,B2M,4,0,0
57007,train,3,0,3,0.0,ACKR3,3,0,0
57082,train,47,0,47,0.0,KNL1,47,0,0
57105,train,10,0,10,0.0,CYSLTR2,10,0,0
57448,train,28,0,28,0.0,BIRC6,28,0,0
57492,train,341,73,268,0.2141,ARID1B,341,73,5
5753,train,1,0,1,0.0,PTK6,1,0,0
57591,train,28,0,28,0.0,MRTFA,28,0,0
57670,train,83,0,83,0.0,KIAA1549,83,0,1
57674,train,181,0,181,0.0,RNF213,181,0,0
57697,train,402,23,379,0.0572,FANCM,402,23,8
57698,train,1,0,1,0.0,SHTN1,1,0,0
5777,train,3,0,3,0.0,PTPN6,3,0,0
5781,train,264,99,165,0.375,PTPN11,264,99,4
57820,train,1,0,1,0.0,CCNB1IP1,1,0,0
5783,train,7,0,7,0.0,PTPN13,7,0,0
5787,train,5,0,5,0.0,PTPRB,5,0,0
5789,train,18,0,18,0.0,PTPRD,18,0,0
5796,train,1,0,1,0.0,PTPRK,1,0,0
581,train,1,0,1,0.0,BAX,1,0,0
58508,train,247,13,234,0.0526,KMT2C,247,13,13
5889,train,426,86,340,0.2019,RAD51C,426,86,5
5890,train,33,0,33,0.0,RAD51B,33,0,0
5892,train,410,54,356,0.1317,RAD51D,410,54,7
5894,train,222,37,185,0.1667,RAF1,222,37,4
5900,train,11,0,11,0.0,RALGDS,11,0,0
5903,train,149,14,135,0.094,RANBP2,149,14,1
5908,train,5,0,5,0.0,RAP1B,5,0,0
5910,train,1,0,1,0.0,RAP1GDS1,1,0,0
5914,train,1,0,1,0.0,RARA,1,0,0
5921,train,186,26,160,0.1398,RASA1,186,26,1
595,train,8,0,8,0.0,CCND1,8,0,0
5966,train,11,0,11,0.0,REL,11,0,0
5979,train,785,58,727,0.0739,RET,785,58,13
60,train,91,27,64,0.2967,ACTB,91,27,2
6000,train,1,0,1,0.0,RGS7,1,0,0
602,train,1,0,1,0.0,BCL3,1,0,0
604,train,6,0,6,0.0,BCL6,6,0,0
607,train,2,0,2,0.0,BCL9,2,0,0
608,train,1,0,1,0.0,TNFRSF17,1,0,0
6092,train,67,0,67,0.0,ROBO2,67,0,0
6093,train,4,0,4,0.0,ROCK1,4,0,0
6098,train,12,0,12,0.0,ROS1,12,0,0
613,train,17,0,17,0.0,BCR,17,0,0
6134,train,3,0,3,0.0,RPL10,3,0,0
6184,train,4,0,4,0.0,RPN1,4,0,0
6249,train,6,0,6,0.0,CLIP1,6,0,0
63035,train,16,0,16,0.0,BCORL1,16,0,0
6390,train,320,103,217,0.3219,SDHB,320,103,8
6391,train,168,34,134,0.2024,SDHC,168,34,8
6392,train,159,48,111,0.3019,SDHD,159,48,2
63976,train,220,0,220,0.0,PRDM16,220,0,3
641,train,651,100,551,0.1536,BLM,651,100,8
6421,train,1,0,1,0.0,SFPQ,1,0,0
6424,train,6,0,6,0.0,SFRP4,6,0,0
64324,train,293,86,207,0.2935,NSD1,293,86,6
6455,train,7,0,7,0.0,SH3GL1,7,0,0
64783,train,2,0,2,0.0,RBM15,2,0,0
64784,train,2,0,2,0.0,CRTC3,2,0,0
6491,train,37,0,37,0.0,STIL,37,0,0
6497,train,271,9,262,0.0332,SKI,271,9,6
65268,train,11,0,11,0.0,WNK2,11,0,0
657,train,522,62,460,0.1188,BMPR1A,522,62,8
6598,train,256,21,235,0.082,SMARCB1,256,21,10
6602,train,5,0,5,0.0,SMARCD1,5,0,0
6608,train,39,0,39,0.0,SMO,39,0,0
6654,train,294,37,257,0.1259,SOS1,294,37,4
6714,train,11,0,11,0.0,SRC,11,0,0
673,train,234,71,163,0.3034,BRAF,234,71,1
6756,train,1,0,1,0.0,SSX1,1,0,0
6774,train,94,23,71,0.2447,STAT3,94,23,2
6778,train,5,0,5,0.0,STAT6,5,0,0
6794,train,667,73,594,0.1094,STK11,667,73,9
6801,train,14,0,14,0.0,STRN,14,0,0
6850,train,14,0,14,0.0,SYK,14,0,0
6886,train,2,0,2,0.0,TAL1,2,0,0
6926,train,48,1,47,0.0208,TBX3,48,1,0
6929,train,67,2,65,0.0299,TCF3,67,2,0
7037,train,45,0,45,0.0,TFRC,45,0,0
7046,train,133,20,113,0.1504,TGFBR1,133,20,3
7048,train,237,39,198,0.1646,TGFBR2,237,39,4
7113,train,7,0,7,0.0,TMPRSS2,7,0,0
7150,train,3,0,3,0.0,TOP1,3,0,0
7171,train,1,0,1,0.0,TPM4,1,0,0
7175,train,9,0,9,0.0,TPR,9,0,0
7253,train,51,17,34,0.3333,TSHR,51,17,1
729262,train,1,0,1,0.0,NUTM2B,1,0,0
7403,train,95,14,81,0.1474,KDM6A,95,14,1
7409,train,20,0,20,0.0,VAV1,20,0,0
7428,train,390,145,245,0.3718,VHL,390,145,6
7430,train,4,0,4,0.0,EZR,4,0,0
7454,train,73,27,46,0.3699,WAS,73,27,0
7486,train,168,68,100,0.4048,WRN,168,68,3
7490,train,316,20,296,0.0633,WT1,316,20,9
7507,train,40,16,24,0.4,XPA,40,16,1
7508,train,123,40,83,0.3252,XPC,123,40,0
7514,train,5,0,5,0.0,XPO1,5,0,0
7531,train,9,0,9,0.0,YWHAE,9,0,0
7555,train,1,0,1,0.0,CNBP,1,0,0
7704,train,9,0,9,0.0,ZBTB16,9,0,0
776,train,177,2,175,0.0113,CACNA1D,177,2,0
7799,train,4,0,4,0.0,PRDM2,4,0,0
79577,train,283,21,262,0.0742,CDC73,283,21,10
79633,train,208,4,204,0.0192,FAT4,208,4,1
7994,train,248,20,228,0.0806,KAT6A,248,20,5
8019,train,1,0,1,0.0,BRD3,1,0,0
80243,train,11,0,11,0.0,PREX2,11,0,0
8028,train,1,0,1,0.0,MLLT10,1,0,0
8030,train,1,0,1,0.0,CCDC6,1,0,0
8031,train,6,0,6,0.0,NCOA4,6,0,0
80312,train,12,0,12,0.0,TET1,12,0,0
8091,train,3,0,3,0.0,HMGA2,3,0,0
811,train,12,0,12,0.0,CALR,12,0,0
8115,train,1,0,1,0.0,TCL1A,1,0,0
8148,train,25,0,25,0.0,TAF15,25,0,0
81608,train,1,0,1,0.0,FIP1L1,1,0,0
8178,train,2,0,2,0.0,ELL,2,0,0
8216,train,680,199,481,0.2926,LZTR1,680,199,14
8218,train,21,0,21,0.0,CLTCL1,21,0,0
8233,train,1,0,1,0.0,ZRSR2,1,0,0
8242,train,93,21,72,0.2258,KDM5C,93,21,0
8243,train,100,30,70,0.3,SMC1A,100,30,0
8289,train,160,14,146,0.0875,ARID1A,160,14,2
8295,train,185,4,181,0.0216,TRRAP,185,4,0
8301,train,18,0,18,0.0,PICALM,18,0,0
8312,train,12,0,12,0.0,AXIN1,12,0,0
8314,train,709,73,636,0.103,BAP1,709,73,7
833,train,12,0,12,0.0,CARS1,12,0,0
83417,train,2,0,2,0.0,FCRL4,2,0,0
836,train,1,0,1,0.0,CASP3,1,0,0
84101,train,4,0,4,0.0,USP44,4,0,0
842,train,3,0,3,0.0,CASP9,3,0,0
84376,train,1,0,1,0.0,HOOK3,1,0,0
84441,train,1,0,1,0.0,MAML2,1,0,0
84629,train,22,0,22,0.0,TNRC18,22,0,0
8471,train,6,0,6,0.0,IRS4,6,0,0
84902,train,23,0,23,0.0,CEP89,23,0,0
8496,train,1,0,1,0.0,PPFIBP1,1,0,0
8522,train,27,0,27,0.0,GAS7,27,0,0
862,train,3,0,3,0.0,RUNX1T1,3,0,0
8626,train,83,25,58,0.3012,TP63,83,25,1
863,train,2,0,2,0.0,CBFA2T3,2,0,0
865,train,4,0,4,0.0,CBFB,4,0,0
867,train,306,14,292,0.0458,CBL,306,14,9
868,train,4,0,4,0.0,CBLB,4,0,0
8764,train,1,0,1,0.0,TNFRSF14,1,0,0
8772,train,8,0,8,0.0,FADD,8,0,0
8805,train,1,0,1,0.0,TRIM24,1,0,0
8833,train,4,0,4,0.0,GMPS,4,0,0
8880,train,3,0,3,0.0,FUBP1,3,0,0
8915,train,6,0,6,0.0,BCL10,6,0,0
8929,train,224,7,217,0.0312,PHOX2B,224,7,3
9098,train,4,0,4,0.0,USP6,4,0,0
90993,train,31,0,31,0.0,CREB3L1,31,0,0
91,train,1,0,1,0.0,ACVR1B,1,0,0
9101,train,24,0,24,0.0,USP8,24,0,0
9113,train,1,0,1,0.0,LATS1,1,0,0
9135,train,2,0,2,0.0,RABEP1,2,0,0
91464,train,2,0,2,0.0,ISX,2,0,0
9203,train,5,0,5,0.0,ZMYM3,5,0,0
940,train,1,0,1,0.0,CD28,1,0,0
9401,train,628,32,596,0.051,RECQL4,628,32,14
94025,train,59,0,59,0.0,MUC16,59,0,0
9611,train,10,0,10,0.0,NCOR1,10,0,0
9612,train,9,0,9,0.0,NCOR2,9,0,0
9639,train,106,0,106,0.0,ARHGEF10,106,0,1
9659,train,5,0,5,0.0,PDE4DIP,5,0,0
973,train,6,0,6,0.0,CD79A,6,0,0
974,train,11,0,11,0.0,CD79B,11,0,0
9774,train,1,0,1,0.0,BCLAF1,1,0,0
9817,train,2,0,2,0.0,KEAP1,2,0,0
9869,train,5,0,5,0.0,SETDB1,5,0,0
9901,train,13,0,13,0.0,SRGAP3,13,0,0
9950,train,1,0,1,0.0,GOLGA5,1,0,0
9967,train,1,0,1,0.0,THRAP3,1,0,0
9968,train,347,15,332,0.0432,MED12,347,15,6
10000,val,29,3,26,0.1034,AKT3,29,3,0
1009,val,13,1,12,0.0769,CDH11,13,1,0
10243,val,128,58,70,0.4531,GPHN,128,58,1
10274,val,31,6,25,0.1935,STAG1,31,6,0
10320,val,31,5,26,0.1613,IKZF1,31,5,0
10342,val,47,3,44,0.0638,TFG,47,3,0
10397,val,103,7,96,0.068,NDRG1,103,7,0
10735,val,26,2,24,0.0769,STAG2,26,2,0
10892,val,18,1,17,0.0556,MALT1,18,1,1
10978,val,7,1,6,0.1429,CLP1,7,1,0
1213,val,50,6,44,0.12,CLTC,50,6,0
124583,val,41,8,33,0.1951,CANT1,41,8,0
139285,val,63,4,59,0.0635,AMER1,63,4,0
1436,val,86,13,73,0.1512,CSF1R,86,13,1
1441,val,52,7,45,0.1346,CSF3R,52,7,0
1500,val,14,2,12,0.1429,CTNND1,14,2,0
1523,val,34,5,29,0.1471,CUX1,34,5,1
1540,val,37,4,33,0.1081,CYLD,37,4,0
1630,val,22,4,18,0.1818,DCC,22,4,0
1639,val,145,5,140,0.0345,DCTN1,145,5,9
1643,val,21,3,18,0.1429,DDB2,21,3,0
1654,val,96,56,40,0.5833,DDX3X,96,56,1
1656,val,4,1,3,0.25,DDX6,4,1,0
196528,val,39,5,34,0.1282,ARID2,39,5,0
1974,val,1,1,0,1.0,EIF4A2,1,1,0
2072,val,78,9,69,0.1154,ERCC4,78,9,0
2073,val,85,9,76,0.1059,ERCC5,85,9,2
2099,val,26,1,25,0.0385,ESR1,26,1,0
2120,val,106,8,98,0.0755,ETV6,106,8,0
2131,val,112,74,38,0.6607,EXT1,112,74,0
2146,val,63,6,57,0.0952,EZH2,63,6,0
2178,val,50,13,37,0.26,FANCE,50,13,1
2188,val,38,3,35,0.0789,FANCF,38,3,0
22800,val,16,6,10,0.375,RRAS2,16,6,0
22978,val,35,3,32,0.0857,NT5C2,35,3,0
23013,val,27,8,19,0.2963,SPEN,27,8,0
23067,val,25,7,18,0.28,SETD1B,25,7,0
23152,val,55,5,50,0.0909,CIC,55,5,0
2324,val,67,7,60,0.1045,FLT4,67,7,0
23261,val,97,10,87,0.1031,CAMTA1,97,10,0
23451,val,12,1,11,0.0833,SF3B1,12,1,0
23512,val,10,3,7,0.3,SUZ12,10,3,0
23522,val,154,12,142,0.0779,KAT6B,154,12,6
25,val,77,9,68,0.1169,ABL1,77,9,4
2521,val,73,9,64,0.1233,FUS,73,9,0
2531,val,2,1,1,0.5,KDSR,2,1,0
2623,val,19,8,11,0.4211,GATA1,19,8,0
2625,val,51,6,45,0.1176,GATA3,51,6,0
26960,val,49,3,46,0.0612,NBEA,49,3,0
27125,val,36,4,32,0.1111,AFF4,36,4,0
2719,val,72,8,64,0.1111,GPC3,72,8,1
2767,val,65,3,62,0.0462,GNA11,65,3,0
2776,val,7,4,3,0.5714,GNAQ,7,4,0
2909,val,4,1,3,0.25,ARHGAP35,4,1,0
29844,val,1,1,0,1.0,TFPT,1,1,0
3020,val,8,8,0,1.0,H3-3A,8,8,0
3021,val,6,4,2,0.6667,H3-3B,6,4,0
3239,val,13,1,12,0.0769,HOXD13,13,1,0
3417,val,19,2,17,0.1053,IDH1,19,2,0
3418,val,24,1,23,0.0417,IDH2,24,1,0
3551,val,37,2,35,0.0541,IKBKB,37,2,0
3572,val,22,1,21,0.0455,IL6ST,22,1,0
367,val,90,56,34,0.6222,AR,90,56,0
3702,val,25,1,24,0.04,ITK,25,1,1
3799,val,4,1,3,0.25,KIF5B,4,1,0
387,val,2,1,1,0.5,RHOA,2,1,0
3899,val,9,2,7,0.2222,AFF3,9,2,0
4087,val,81,6,75,0.0741,SMAD2,81,6,0
4094,val,65,12,53,0.1846,MAF,65,12,1
4149,val,96,11,85,0.1146,MAX,96,11,1
4261,val,71,8,63,0.1127,CIITA,71,8,0
4330,val,11,3,8,0.2727,MN1,11,3,0
4352,val,68,42,26,0.6176,MPL,68,42,2
4478,val,13,1,12,0.0769,MSN,13,1,0
4613,val,25,6,19,0.24,MYCN,25,6,0
463,val,13,1,12,0.0769,ZFHX3,13,1,0
476,val,72,7,65,0.0972,ATP1A1,72,7,3
4781,val,8,8,0,1.0,NFIB,8,8,0
4791,val,32,4,28,0.125,NFKB2,32,4,0
4841,val,17,3,14,0.1765,NONO,17,3,0
4849,val,32,5,27,0.1562,CNOT3,32,5,0
4853,val,141,5,136,0.0355,NOTCH2,141,5,0
4915,val,48,2,46,0.0417,NTRK2,48,2,0
492,val,22,1,21,0.0455,ATP2B3,22,1,0
4921,val,34,2,32,0.0588,DDR2,34,2,0
5077,val,60,27,33,0.45,PAX3,60,27,0
5081,val,7,1,6,0.1429,PAX7,7,1,0
5087,val,16,7,9,0.4375,PBX1,16,7,1
5093,val,1,1,0,1.0,PCBP1,1,1,0
51119,val,24,8,16,0.3333,SBDS,24,8,0
5155,val,28,1,27,0.0357,PDGFB,28,1,0
5159,val,91,7,84,0.0769,PDGFRB,91,7,0
5295,val,62,9,53,0.1452,PIK3R1,62,9,0
5296,val,61,3,58,0.0492,PIK3R2,61,3,2
5324,val,2,1,1,0.5,PLAG1,2,1,0
53335,val,14,5,9,0.3571,BCL11A,14,5,0
5430,val,21,5,16,0.2381,POLR2A,21,5,0
5468,val,18,6,12,0.3333,PPARG,18,6,0
54880,val,74,7,67,0.0946,BCOR,74,7,0
54949,val,94,12,82,0.1277,SDHAF2,94,12,0
5518,val,50,13,37,0.26,PPP2R1A,50,13,3
55294,val,17,2,15,0.1176,FBXW7,17,2,0
5551,val,79,49,30,0.6203,PRF1,79,49,2
5566,val,6,1,5,0.1667,PRKACA,6,1,0
5594,val,6,6,0,1.0,MAPK1,6,6,0
57167,val,55,3,52,0.0545,SALL4,55,3,1
5788,val,61,3,58,0.0492,PTPRC,61,3,0
5879,val,9,6,3,0.6667,RAC1,9,6,0
5885,val,54,5,49,0.0926,RAD21,54,5,1
5888,val,52,2,50,0.0385,RAD51,52,2,0
5927,val,13,1,12,0.0769,KDM5A,13,1,0
5970,val,21,4,17,0.1905,RELA,21,4,0
6125,val,36,7,29,0.1944,RPL5,36,7,0
6418,val,9,2,7,0.2222,SET,9,2,0
64919,val,45,2,43,0.0444,BCL11B,45,2,2
6495,val,21,6,15,0.2857,SIX1,21,6,0
6605,val,173,9,164,0.052,SMARCE1,173,9,3
6657,val,24,8,16,0.3333,SOX2,24,8,0
668,val,17,10,7,0.5882,FOXL2,17,10,0
6777,val,25,1,24,0.04,STAT5B,25,1,1
6934,val,21,2,19,0.0952,TCF7L2,21,2,0
6935,val,15,2,13,0.1333,ZEB1,15,2,0
6938,val,41,12,29,0.2927,TCF12,41,12,0
695,val,74,45,29,0.6081,BTK,74,45,0
6957,val,108,7,101,0.0648,TRB,108,7,5
701,val,204,7,197,0.0343,BUB1B,204,7,5
7026,val,6,1,5,0.1667,NR2F2,6,1,0
7030,val,5,2,3,0.4,TFE3,5,2,0
7080,val,33,22,11,0.6667,NKX2-1,33,22,0
7128,val,40,5,35,0.125,TNFAIP3,40,5,0
7170,val,26,8,18,0.3077,TPM3,26,8,0
7343,val,12,1,11,0.0833,UBTF,12,1,0
7468,val,50,3,47,0.06,NSD2,50,3,3
7750,val,17,9,8,0.5294,ZMYM2,17,9,0
7849,val,42,2,40,0.0476,PAX8,42,2,0
7852,val,13,2,11,0.1538,CXCR4,13,2,0
79718,val,56,11,45,0.1964,TBL1XR1,56,11,0
80204,val,35,9,26,0.2571,FBXO11,35,9,1
8021,val,13,1,12,0.0769,NUP214,13,1,0
8239,val,89,6,83,0.0674,USP9X,89,6,0
8241,val,23,4,19,0.1739,RBM10,23,4,0
8405,val,4,4,0,1.0,SPOP,4,4,0
841,val,29,1,28,0.0345,CASP8,29,1,0
84231,val,10,6,4,0.6,TRAF7,10,6,0
84295,val,18,6,12,0.3333,PHF6,18,6,1
84433,val,87,4,83,0.046,CARD11,87,4,4
8452,val,53,8,45,0.1509,CUL3,53,8,0
8493,val,29,8,21,0.2759,PPM1D,29,8,1
8651,val,2,1,1,0.5,SOCS1,2,1,0
8726,val,16,1,15,0.0625,EED,16,1,0
894,val,23,9,14,0.3913,CCND2,23,9,0
90,val,35,3,32,0.0857,ACVR1,35,3,0
9321,val,100,6,94,0.06,TRIP11,100,6,0
9715,val,2,1,1,0.5,FAM131B,2,1,0
9935,val,15,6,9,0.4,MAFB,15,6,0
